{
  "Epoca 1": {
    "Patron(1)-T+0": {
      "NET": 0.83,
      "W10": -0.83,
      "W11": 0.5,
      "W12": -0.81,
      "YD": 0,
      "x0": 0,
      "Y0p1": 1,
      "Ep": -1
    }
  },
  "Epoca 2": {
    "Patron(1)-T+1": {
      "NET": 0.63,
      "W10": -0.63,
      "W11": 0.5,
      "W12": -0.81,
      "YD": 0,
      "x0": 0,
      "Y0p1": 1,
      "Ep": -1
    }
  },
  "Epoca 3": {
    "Patron(1)-T+2": {
      "NET": 0.43,
      "W10": -0.43,
      "W11": 0.5,
      "W12": -0.81,
      "YD": 0,
      "x0": 0,
      "Y0p1": 1,
      "Ep": -1
    }
  },
  "Epoca 4": {
    "Patron(1)-T+3": {
      "NET": 0.23,
      "W10": -0.23,
      "W11": 0.5,
      "W12": -0.81,
      "YD": 0,
      "x0": 0,
      "Y0p1": 1,
      "Ep": -1
    }
  },
  "Epoca 5": {
    "Patron(1)-T+4": {
      "NET": 0.03,
      "W10": -0.03,
      "W11": 0.5,
      "W12": -0.81,
      "YD": 0,
      "x0": 0,
      "Y0p1": 1,
      "Ep": -1
    }
  },
  "Epoca 6": {
    "Patron(1)-T+5": {
      "NET": -0.17,
      "W10": 0.17,
      "W11": 0.5,
      "W12": -0.81,
      "YD": 0,
      "x0": 0,
      "Y0p1": 0,
      "Ep": 0
    },
    "Patron(2)-T+5": {
      "NET": 0.32999999999999996,
      "W10": 0.17,
      "W11": 0.5,
      "W12": -0.81,
      "YD": 1,
      "x1": 1,
      "Y0p2": 1,
      "Ep": 0
    },
    "Patron(3)-T+5": {
      "NET": -0.9800000000000001,
      "W10": 0.17,
      "W11": 0.5,
      "W12": -0.81,
      "YD": 1,
      "x2": -1,
      "Y0p3": 0,
      "Ep": 1
    }
  },
  "Epoca 7": {
    "Patron(1)-T+6": {
      "NET": 0.03,
      "W10": -0.03,
      "W11": 0.5,
      "W12": -0.61,
      "YD": 0,
      "x0": 0,
      "Y0p1": 1,
      "Ep": -1
    }
  },
  "Epoca 8": {
    "Patron(1)-T+7": {
      "NET": -0.17,
      "W10": 0.17,
      "W11": 0.5,
      "W12": -0.61,
      "YD": 0,
      "x0": 0,
      "Y0p1": 0,
      "Ep": 0
    },
    "Patron(2)-T+7": {
      "NET": 0.32999999999999996,
      "W10": 0.17,
      "W11": 0.5,
      "W12": -0.61,
      "YD": 1,
      "x1": 1,
      "Y0p2": 1,
      "Ep": 0
    },
    "Patron(3)-T+7": {
      "NET": -0.78,
      "W10": 0.17,
      "W11": 0.5,
      "W12": -0.61,
      "YD": 1,
      "x2": -1,
      "Y0p3": 0,
      "Ep": 1
    }
  },
  "Epoca 9": {
    "Patron(1)-T+8": {
      "NET": 0.03,
      "W10": -0.03,
      "W11": 0.5,
      "W12": -0.41,
      "YD": 0,
      "x0": 0,
      "Y0p1": 1,
      "Ep": -1
    }
  },
  "Epoca 10": {
    "Patron(1)-T+9": {
      "NET": -0.17,
      "W10": 0.17,
      "W11": 0.5,
      "W12": -0.41,
      "YD": 0,
      "x0": 0,
      "Y0p1": 0,
      "Ep": 0
    },
    "Patron(2)-T+9": {
      "NET": 0.32999999999999996,
      "W10": 0.17,
      "W11": 0.5,
      "W12": -0.41,
      "YD": 1,
      "x1": 1,
      "Y0p2": 1,
      "Ep": 0
    },
    "Patron(3)-T+9": {
      "NET": -0.58,
      "W10": 0.17,
      "W11": 0.5,
      "W12": -0.41,
      "YD": 1,
      "x2": -1,
      "Y0p3": 0,
      "Ep": 1
    }
  },
  "Epoca 11": {
    "Patron(1)-T+10": {
      "NET": 0.03,
      "W10": -0.03,
      "W11": 0.5,
      "W12": -0.21,
      "YD": 0,
      "x0": 0,
      "Y0p1": 1,
      "Ep": -1
    }
  },
  "Epoca 12": {
    "Patron(1)-T+11": {
      "NET": -0.17,
      "W10": 0.17,
      "W11": 0.5,
      "W12": -0.21,
      "YD": 0,
      "x0": 0,
      "Y0p1": 0,
      "Ep": 0
    },
    "Patron(2)-T+11": {
      "NET": 0.32999999999999996,
      "W10": 0.17,
      "W11": 0.5,
      "W12": -0.21,
      "YD": 1,
      "x1": 1,
      "Y0p2": 1,
      "Ep": 0
    },
    "Patron(3)-T+11": {
      "NET": -0.38,
      "W10": 0.17,
      "W11": 0.5,
      "W12": -0.21,
      "YD": 1,
      "x2": -1,
      "Y0p3": 0,
      "Ep": 1
    }
  },
  "Epoca 13": {
    "Patron(1)-T+12": {
      "NET": 0.03,
      "W10": -0.03,
      "W11": 0.5,
      "W12": -0.01,
      "YD": 0,
      "x0": 0,
      "Y0p1": 1,
      "Ep": -1
    }
  },
  "Epoca 14": {
    "Patron(1)-T+13": {
      "NET": -0.17,
      "W10": 0.17,
      "W11": 0.5,
      "W12": -0.01,
      "YD": 0,
      "x0": 0,
      "Y0p1": 0,
      "Ep": 0
    },
    "Patron(2)-T+13": {
      "NET": 0.32999999999999996,
      "W10": 0.17,
      "W11": 0.5,
      "W12": -0.01,
      "YD": 1,
      "x1": 1,
      "Y0p2": 1,
      "Ep": 0
    },
    "Patron(3)-T+13": {
      "NET": -0.18000000000000002,
      "W10": 0.17,
      "W11": 0.5,
      "W12": -0.01,
      "YD": 1,
      "x2": -1,
      "Y0p3": 0,
      "Ep": 1
    }
  },
  "Epoca 15": {
    "Patron(1)-T+14": {
      "NET": 0.03,
      "W10": -0.03,
      "W11": 0.5,
      "W12": 0.19,
      "YD": 0,
      "x0": 0,
      "Y0p1": 1,
      "Ep": -1
    }
  },
  "Epoca 16": {
    "Patron(1)-T+15": {
      "NET": -0.17,
      "W10": 0.17,
      "W11": 0.5,
      "W12": 0.19,
      "YD": 0,
      "x0": 0,
      "Y0p1": 0,
      "Ep": 0
    },
    "Patron(2)-T+15": {
      "NET": 0.32999999999999996,
      "W10": 0.17,
      "W11": 0.5,
      "W12": 0.19,
      "YD": 1,
      "x1": 1,
      "Y0p2": 1,
      "Ep": 0
    },
    "Patron(3)-T+15": {
      "NET": 0.01999999999999999,
      "W10": 0.17,
      "W11": 0.5,
      "W12": 0.19,
      "YD": 1,
      "x2": -1,
      "Y0p3": 1,
      "Ep": 0
    },
    "Patron(4)-T+15": {
      "NET": 0.52,
      "W10": 0.17,
      "W11": 0.5,
      "W12": 0.19,
      "YD": 1,
      "x3": 1,
      "Y0p4": 1,
      "Ep": 0
    }
  },
  "Pesos ideales: ": {
    "w10": 0.17,
    "w11": 0.5,
    "w12": 0.19
  }
}