{
  "Epoca 1": {
    "Patron(1)": {
      "NET": 1.0,
      "W10": -1.0,
      "W11": 0.85,
      "W12": -0.84,
      "YD": 1,
      "x0": 0,
      "Y0p1": 1,
      "Ep": 0
    },
    "Patron(2)": {
      "NET": 1.85,
      "W10": -1.0,
      "W11": 0.85,
      "W12": -0.84,
      "YD": 1,
      "x1": 1,
      "Y0p2": 1,
      "Ep": 0
    },
    "Patron(3)": {
      "NET": 0.16000000000000003,
      "W10": -1.0,
      "W11": 0.85,
      "W12": -0.84,
      "YD": 1,
      "x2": -1,
      "Y0p3": 1,
      "Ep": 0
    },
    "Patron(4)": {
      "NET": 1.0100000000000002,
      "W10": -1.0,
      "W11": 0.85,
      "W12": -0.84,
      "YD": 0,
      "x3": 0,
      "Y0p4": 1,
      "Ep": -1
    }
  },
  "Epoca 2": {
    "Patron(1)": {
      "NET": 0.8,
      "W10": -0.8,
      "W11": 0.65,
      "W12": -1.04,
      "YD": 1,
      "x0": 0,
      "Y0p1": 1,
      "Ep": 0
    },
    "Patron(2)": {
      "NET": 1.4500000000000002,
      "W10": -0.8,
      "W11": 0.65,
      "W12": -1.04,
      "YD": 1,
      "x1": 1,
      "Y0p2": 1,
      "Ep": 0
    },
    "Patron(3)": {
      "NET": -0.24,
      "W10": -0.8,
      "W11": 0.65,
      "W12": -1.04,
      "YD": 1,
      "x2": -1,
      "Y0p3": 0,
      "Ep": 1
    },
    "Patron(4)": {
      "NET": 0.41000000000000014,
      "W10": -1.0,
      "W11": 0.65,
      "W12": -0.84,
      "YD": 0,
      "x3": 0,
      "Y0p4": 1,
      "Ep": -1
    }
  },
  "Epoca 3": {
    "Patron(1)": {
      "NET": 0.6,
      "W10": -0.6,
      "W11": 0.45,
      "W12": -1.24,
      "YD": 1,
      "x0": 0,
      "Y0p1": 1,
      "Ep": 0
    },
    "Patron(2)": {
      "NET": 1.05,
      "W10": -0.6,
      "W11": 0.45,
      "W12": -1.24,
      "YD": 1,
      "x1": 1,
      "Y0p2": 1,
      "Ep": 0
    },
    "Patron(3)": {
      "NET": -0.64,
      "W10": -0.6,
      "W11": 0.45,
      "W12": -1.24,
      "YD": 1,
      "x2": -1,
      "Y0p3": 0,
      "Ep": 1
    },
    "Patron(4)": {
      "NET": -0.18999999999999995,
      "W10": -0.8,
      "W11": 0.45,
      "W12": -1.04,
      "YD": 0,
      "x3": 0,
      "Y0p4": 0,
      "Ep": 0
    }
  },
  "Epoca 4": {
    "Patron(1)": {
      "NET": 0.8,
      "W10": -0.8,
      "W11": 0.45,
      "W12": -1.04,
      "YD": 1,
      "x0": 0,
      "Y0p1": 1,
      "Ep": 0
    },
    "Patron(2)": {
      "NET": 1.25,
      "W10": -0.8,
      "W11": 0.45,
      "W12": -1.04,
      "YD": 1,
      "x1": 1,
      "Y0p2": 1,
      "Ep": 0
    },
    "Patron(3)": {
      "NET": -0.24,
      "W10": -0.8,
      "W11": 0.45,
      "W12": -1.04,
      "YD": 1,
      "x2": -1,
      "Y0p3": 0,
      "Ep": 1
    },
    "Patron(4)": {
      "NET": 0.20999999999999996,
      "W10": -1.0,
      "W11": 0.45,
      "W12": -0.84,
      "YD": 0,
      "x3": 0,
      "Y0p4": 1,
      "Ep": -1
    }
  },
  "Epoca 5": {
    "Patron(1)": {
      "NET": 0.6,
      "W10": -0.6,
      "W11": 0.25,
      "W12": -1.24,
      "YD": 1,
      "x0": 0,
      "Y0p1": 1,
      "Ep": 0
    },
    "Patron(2)": {
      "NET": 0.85,
      "W10": -0.6,
      "W11": 0.25,
      "W12": -1.24,
      "YD": 1,
      "x1": 1,
      "Y0p2": 1,
      "Ep": 0
    },
    "Patron(3)": {
      "NET": -0.64,
      "W10": -0.6,
      "W11": 0.25,
      "W12": -1.24,
      "YD": 1,
      "x2": -1,
      "Y0p3": 0,
      "Ep": 1
    },
    "Patron(4)": {
      "NET": -0.39,
      "W10": -0.8,
      "W11": 0.25,
      "W12": -1.04,
      "YD": 0,
      "x3": 0,
      "Y0p4": 0,
      "Ep": 0
    }
  },
  "Epoca 6": {
    "Patron(1)": {
      "NET": 0.8,
      "W10": -0.8,
      "W11": 0.25,
      "W12": -1.04,
      "YD": 1,
      "x0": 0,
      "Y0p1": 1,
      "Ep": 0
    },
    "Patron(2)": {
      "NET": 1.05,
      "W10": -0.8,
      "W11": 0.25,
      "W12": -1.04,
      "YD": 1,
      "x1": 1,
      "Y0p2": 1,
      "Ep": 0
    },
    "Patron(3)": {
      "NET": -0.24,
      "W10": -0.8,
      "W11": 0.25,
      "W12": -1.04,
      "YD": 1,
      "x2": -1,
      "Y0p3": 0,
      "Ep": 1
    },
    "Patron(4)": {
      "NET": 0.010000000000000009,
      "W10": -1.0,
      "W11": 0.25,
      "W12": -0.84,
      "YD": 0,
      "x3": 0,
      "Y0p4": 1,
      "Ep": -1
    }
  },
  "Epoca 7": {
    "Patron(1)": {
      "NET": 0.6,
      "W10": -0.6,
      "W11": 0.05,
      "W12": -1.24,
      "YD": 1,
      "x0": 0,
      "Y0p1": 1,
      "Ep": 0
    },
    "Patron(2)": {
      "NET": 0.65,
      "W10": -0.6,
      "W11": 0.05,
      "W12": -1.24,
      "YD": 1,
      "x1": 1,
      "Y0p2": 1,
      "Ep": 0
    },
    "Patron(3)": {
      "NET": -0.64,
      "W10": -0.6,
      "W11": 0.05,
      "W12": -1.24,
      "YD": 1,
      "x2": -1,
      "Y0p3": 0,
      "Ep": 1
    },
    "Patron(4)": {
      "NET": -0.59,
      "W10": -0.8,
      "W11": 0.05,
      "W12": -1.04,
      "YD": 0,
      "x3": 0,
      "Y0p4": 0,
      "Ep": 0
    }
  },
  "Epoca 8": {
    "Patron(1)": {
      "NET": 0.8,
      "W10": -0.8,
      "W11": 0.05,
      "W12": -1.04,
      "YD": 1,
      "x0": 0,
      "Y0p1": 1,
      "Ep": 0
    },
    "Patron(2)": {
      "NET": 0.8500000000000001,
      "W10": -0.8,
      "W11": 0.05,
      "W12": -1.04,
      "YD": 1,
      "x1": 1,
      "Y0p2": 1,
      "Ep": 0
    },
    "Patron(3)": {
      "NET": -0.24,
      "W10": -0.8,
      "W11": 0.05,
      "W12": -1.04,
      "YD": 1,
      "x2": -1,
      "Y0p3": 0,
      "Ep": 1
    },
    "Patron(4)": {
      "NET": -0.18999999999999995,
      "W10": -1.0,
      "W11": 0.05,
      "W12": -0.84,
      "YD": 0,
      "x3": 0,
      "Y0p4": 0,
      "Ep": 0
    }
  },
  "Epoca 9": {
    "Patron(1)": {
      "NET": 1.0,
      "W10": -1.0,
      "W11": 0.05,
      "W12": -0.84,
      "YD": 1,
      "x0": 0,
      "Y0p1": 1,
      "Ep": 0
    },
    "Patron(2)": {
      "NET": 1.05,
      "W10": -1.0,
      "W11": 0.05,
      "W12": -0.84,
      "YD": 1,
      "x1": 1,
      "Y0p2": 1,
      "Ep": 0
    },
    "Patron(3)": {
      "NET": 0.16000000000000003,
      "W10": -1.0,
      "W11": 0.05,
      "W12": -0.84,
      "YD": 1,
      "x2": -1,
      "Y0p3": 1,
      "Ep": 0
    },
    "Patron(4)": {
      "NET": 0.21000000000000008,
      "W10": -1.0,
      "W11": 0.05,
      "W12": -0.84,
      "YD": 0,
      "x3": 0,
      "Y0p4": 1,
      "Ep": -1
    }
  },
  "Epoca 10": {
    "Patron(1)": {
      "NET": 0.8,
      "W10": -0.8,
      "W11": -0.15,
      "W12": -1.04,
      "YD": 1,
      "x0": 0,
      "Y0p1": 1,
      "Ep": 0
    },
    "Patron(2)": {
      "NET": 0.65,
      "W10": -0.8,
      "W11": -0.15,
      "W12": -1.04,
      "YD": 1,
      "x1": 1,
      "Y0p2": 1,
      "Ep": 0
    },
    "Patron(3)": {
      "NET": -0.24,
      "W10": -0.8,
      "W11": -0.15,
      "W12": -1.04,
      "YD": 1,
      "x2": -1,
      "Y0p3": 0,
      "Ep": 1
    },
    "Patron(4)": {
      "NET": -0.39,
      "W10": -1.0,
      "W11": -0.15,
      "W12": -0.84,
      "YD": 0,
      "x3": 0,
      "Y0p4": 0,
      "Ep": 0
    }
  },
  "Epoca 11": {
    "Patron(1)": {
      "NET": 1.0,
      "W10": -1.0,
      "W11": -0.15,
      "W12": -0.84,
      "YD": 1,
      "x0": 0,
      "Y0p1": 1,
      "Ep": 0
    },
    "Patron(2)": {
      "NET": 0.85,
      "W10": -1.0,
      "W11": -0.15,
      "W12": -0.84,
      "YD": 1,
      "x1": 1,
      "Y0p2": 1,
      "Ep": 0
    },
    "Patron(3)": {
      "NET": 0.16000000000000003,
      "W10": -1.0,
      "W11": -0.15,
      "W12": -0.84,
      "YD": 1,
      "x2": -1,
      "Y0p3": 1,
      "Ep": 0
    },
    "Patron(4)": {
      "NET": 0.010000000000000009,
      "W10": -1.0,
      "W11": -0.15,
      "W12": -0.84,
      "YD": 0,
      "x3": 0,
      "Y0p4": 1,
      "Ep": -1
    }
  },
  "Epoca 12": {
    "Patron(1)": {
      "NET": 0.8,
      "W10": -0.8,
      "W11": -0.35,
      "W12": -1.04,
      "YD": 1,
      "x0": 0,
      "Y0p1": 1,
      "Ep": 0
    },
    "Patron(2)": {
      "NET": 0.45000000000000007,
      "W10": -0.8,
      "W11": -0.35,
      "W12": -1.04,
      "YD": 1,
      "x1": 1,
      "Y0p2": 1,