{
  "Epoca 1": {
    "Patron(1)": {
      "NET": -0.19,
      "W10": 0.19,
      "W11": -0.92,
      "W12": 0.64,
      "YD": 0,
      "x0": 0,
      "Y0p1": 0,
      "Ep": 0
    },
    "Patron(2)": {
      "NET": -1.11,
      "W10": 0.19,
      "W11": -0.92,
      "W12": 0.64,
      "YD": 0,
      "x1": 1,
      "Y0p2": 0,
      "Ep": 0
    },
    "Patron(3)": {
      "NET": 0.45,
      "W10": 0.19,
      "W11": -0.92,
      "W12": 0.64,
      "YD": 0,
      "x2": -1,
      "Y0p3": 1,
      "Ep": -1
    },
    "Patron(4)": {
      "NET": -0.4700000000000001,
      "W10": 0.39,
      "W11": -0.92,
      "W12": 0.44,
      "YD": 1,
      "x3": 1,
      "Y0p4": 0,
      "Ep": 1
    }
  },
  "Epoca 2": {
    "Patron(1)": {
      "NET": 0.01,
      "W10": -0.01,
      "W11": -0.72,
      "W12": 0.84,
      "YD": 0,
      "x0": 0,
      "Y0p1": 1,
      "Ep": -1
    },
    "Patron(2)": {
      "NET": -0.71,
      "W10": 0.19,
      "W11": -0.72,
      "W12": 0.84,
      "YD": 0,
      "x1": 1,
      "Y0p2": 0,
      "Ep": 0
    },
    "Patron(3)": {
      "NET": 0.85,
      "W10": 0.19,
      "W11": -0.72,
      "W12": 0.84,
      "YD": 0,
      "x2": -1,
      "Y0p3": 1,
      "Ep": -1
    },
    "Patron(4)": {
      "NET": 0.13,
      "W10": 0.19,
      "W11": -0.72,
      "W12": 0.64,
      "YD": 1,
      "x3": 1,
      "Y0p4": 1,
      "Ep": 0
    }
  },
  "Epoca 3": {
    "Patron(1)": {
      "NET": -0.19,
      "W10": 0.19,
      "W11": -0.72,
      "W12": 0.64,
      "YD": 0,
      "x0": 0,
      "Y0p1": 0,
      "Ep": 0
    },
    "Patron(2)": {
      "NET": -0.9099999999999999,
      "W10": 0.19,
      "W11": -0.72,
      "W12": 0.64,
      "YD": 0,
      "x1": 1,
      "Y0p2": 0,
      "Ep": 0
    },
    "Patron(3)": {
      "NET": 0.45,
      "W10": 0.19,
      "W11": -0.72,
      "W12": 0.64,
      "YD": 0,
      "x2": -1,
      "Y0p3": 1,
      "Ep": -1
    },
    "Patron(4)": {
      "NET": -0.2699999999999999,
      "W10": 0.39,
      "W11": -0.72,
      "W12": 0.44,
      "YD": 1,
      "x3": 1,
      "Y0p4": 0,
      "Ep": 1
    }
  },
  "Epoca 4": {
    "Patron(1)": {
      "NET": 0.01,
      "W10": -0.01,
      "W11": -0.52,
      "W12": 0.84,
      "YD": 0,
      "x0": 0,
      "Y0p1": 1,
      "Ep": -1
    },
    "Patron(2)": {
      "NET": -0.51,
      "W10": 0.19,
      "W11": -0.52,
      "W12": 0.84,
      "YD": 0,
      "x1": 1,
      "Y0p2": 0,
      "Ep": 0
    },
    "Patron(3)": {
      "NET": 0.85,
      "W10": 0.19,
      "W11": -0.52,
      "W12": 0.84,
      "YD": 0,
      "x2": -1,
      "Y0p3": 1,
      "Ep": -1
    },
    "Patron(4)": {
      "NET": 0.32999999999999996,
      "W10": 0.19,
      "W11": -0.52,
      "W12": 0.64,
      "YD": 1,
      "x3": 1,
      "Y0p4": 1,
      "Ep": 0
    }
  },
  "Epoca 5": {
    "Patron(1)": {
      "NET": -0.19,
      "W10": 0.19,
      "W11": -0.52,
      "W12": 0.64,
      "YD": 0,
      "x0": 0,
      "Y0p1": 0,
      "Ep": 0
    },
    "Patron(2)": {
      "NET": -0.71,
      "W10": 0.19,
      "W11": -0.52,
      "W12": 0.64,
      "YD": 0,
      "x1": 1,
      "Y0p2": 0,
      "Ep": 0
    },
    "Patron(3)": {
      "NET": 0.45,
      "W10": 0.19,
      "W11": -0.52,
      "W12": 0.64,
      "YD": 0,
      "x2": -1,
      "Y0p3": 1,
      "Ep": -1
    },
    "Patron(4)": {
      "NET": -0.06999999999999995,
      "W10": 0.39,
      "W11": -0.52,
      "W12": 0.44,
      "YD": 1,
      "x3": 1,
      "Y0p4": 0,
      "Ep": 1
    }
  },
  "Epoca 6": {
    "Patron(1)": {
      "NET": 0.01,
      "W10": -0.01,
      "W11": -0.32,
      "W12": 0.84,
      "YD": 0,
      "x0": 0,
      "Y0p1": 1,
      "Ep": -1
    },
    "Patron(2)": {
      "NET": -0.31,
      "W10": 0.19,
      "W11": -0.32,
      "W12": 0.84,
      "YD": 0,
      "x1": 1,
      "Y0p2": 0,
      "Ep": 0
    },
    "Patron(3)": {
      "NET": 0.85,
      "W10": 0.19,
      "W11": -0.32,
      "W12": 0.84,
      "YD": 0,
      "x2": -1,
      "Y0p3": 1,
      "Ep": -1
    },
    "Patron(4)": {
      "NET": 0.53,
      "W10": 0.19,
      "W11": -0.32,
      "W12": 0.64,
      "YD": 1,
      "x3": 1,
      "Y0p4": 1,
      "Ep": 0
    }
  },
  "Epoca 7": {
    "Patron(1)": {
      "NET": -0.19,
      "W10": 0.19,
      "W11": -0.32,
      "W12": 0.64,
      "YD": 0,
      "x0": 0,
      "Y0p1": 0,
      "Ep": 0
    },
    "Patron(2)": {
      "NET": -0.51,
      "W10": 0.19,
      "W11": -0.32,
      "W12": 0.64,
      "YD": 0,
      "x1": 1,
      "Y0p2": 0,
      "Ep": 0
    },
    "Patron(3)": {
      "NET": 0.45,
      "W10": 0.19,
      "W11": -0.32,
      "W12": 0.64,
      "YD": 0,
      "x2": -1,
      "Y0p3": 1,
      "Ep": -1
    },
    "Patron(4)": {
      "NET": 0.13,
      "W10": 0.39,
      "W11": -0.32,
      "W12": 0.44,
      "YD": 1,
      "x3": 1,
      "Y0p4": 1,
      "Ep": 0
    }
  },
  "Epoca 8": {
    "Patron(1)": {
      "NET": -0.39,
      "W10": 0.39,
      "W11": -0.32,
      "W12": 0.44,
      "YD": 0,
      "x0": 0,
      "Y0p1": 0,
      "Ep": 0
    },
    "Patron(2)": {
      "NET": -0.71,
      "W10": 0.39,
      "W11": -0.32,
      "W12": 0.44,
      "YD": 0,
      "x1": 1,
      "Y0p2": 0,
      "Ep": 0
    },
    "Patron(3)": {
      "NET": 0.04999999999999999,
      "W10": 0.39,
      "W11": -0.32,
      "W12": 0.44,
      "YD": 0,
      "x2": -1,
      "Y0p3": 1,
      "Ep": -1
    },
    "Patron(4)": {
      "NET": -0.26999999999999996,
      "W10": 0.59,
      "W11": -0.32,
      "W12": 0.24,
      "YD": 1,
      "x3": 1,
      "Y0p4": 0,
      "Ep": 1
    }
  },
  "Epoca 9": {
    "Patron(1)": {
      "NET": -0.19,
      "W10": 0.19,
      "W11": -0.12,
      "W12": 0.64,
      "YD": 0,
      "x0": 0,
      "Y0p1": 0,
      "Ep": 0
    },
    "Patron(2)": {
      "NET": -0.31,
      "W10": 0.19,
      "W11": -0.12,
      "W12": 0.64,
      "YD": 0,
      "x1": 1,
      "Y0p2": 0,
      "Ep": 0
    },
    "Patron(3)": {
      "NET": 0.45,
      "W10": 0.19,
      "W11": -0.12,
      "W12": 0.64,
      "YD": 0,
      "x2": -1,
      "Y0p3": 1,
      "Ep": -1
    },
    "Patron(4)": {
      "NET": 0.33,
      "W10": 0.39,
      "W11": -0.12,
      "W12": 0.44,
      "YD": 1,
      "x3": 1,
      "Y0p4": 1,
      "Ep": 0
    }
  },
  "Epoca 10": {
    "Patron(1)": {
      "NET": -0.39,
      "W10": 0.39,
      "W11": -0.12,
      "W12": 0.44,
      "YD": 0,
      "x0": 0,
      "Y0p1": 0,
      "Ep": 0
    },
    "Patron(2)": {
      "NET": -0.51,
      "W10": 0.39,
      "W11": -0.12,
      "W12": 0.44,
      "YD": 0,
      "x1": 1,
      "Y0p2": 0,
      "Ep": 0
    },
    "Patron(3)": {
      "NET": 0.04999999999999999,
      "W10": 0.39,
      "W11": -0.12,
      "W12": 0.44,
      "YD": 0,
      "x2": -1,
      "Y0p3": 1,
      "Ep": -1
    },
    "Patron(4)": {
      "NET": -0.07,
      "W10": 0.59,
      "W11": -0.12,
      "W12": 0.24,
      "YD": 1,
      "x3": 1,
      "Y0p4": 0,
      "Ep": 1
    }
  },
  "Epoca 11": {
    "Patron(1)": {
      "NET": -0.19,
      "W10": 0.19,
      "W11": 0.08,
      "W12": 0.64,
      "YD": 0,
      "x0": 0,
      "Y0p1": 0,
      "Ep": 0
    },
    "Patron(2)": {
      "NET": -0.11,
      "W10": 0.19,
      "W11": 0.08,
      "W12": 0.64,
      "YD": 0,
      "x1": 1,
      "Y0p2": 0,
      "Ep": 0
    },
    "Patron(3)": {
      "NET": 0.45,
      "W10": 0.19,
      "W11": 0.08,
      "W12": 0.64,
      "YD": 0,
      "x2": -1,
      "Y0p3": 1,
      "Ep": -1
    },
    "Patron(4)": {
      "NET": 0.53,
      "W10": 0.39,
      "W11": 0.08,
      "W12": 0.44,
      "YD": 1,
      "x3": 1,
      "Y0p4": 1,
      "Ep": 0
    }
  },
  "Epoca 12": {
    "Patron(1)": {
      "NET": -0.39,
      "W10": 0.39,
      "W11": 0.08,
      "W12": 0.44,
      "YD": 0,
      "x0": 0,
      "Y0p1": 0,
      "Ep": 0
    },
    "Patron(2)": {
      "NET": -0.31,
      "W10": 0.39,
      "W11": 0.08,
      "W12": 0.44,
      "YD": 0,
      "x1": 1,
      "Y0p2": 0,
      "Ep": 0
    },
    "Patron(3)": {
      "NET": 0.04999999999999999,