{
  "Epoca 1": {
    "Patron(1)-T+0": {
      "NET": -0.76,
      "W10": 0.76,
      "W11": -0.1,
      "W12": 0.24,
      "YD": 1,
      "x0": 0,
      "Y0p1": 0,
      "Ep": 1
    }
  },
  "Epoca 2": {
    "Patron(1)-T+1": {
      "NET": -0.56,
      "W10": 0.56,
      "W11": -0.1,
      "W12": 0.24,
      "YD": 1,
      "x0": 0,
      "Y0p1": 0,
      "Ep": 1
    }
  },
  "Epoca 3": {
    "Patron(1)-T+2": {
      "NET": -0.36,
      "W10": 0.36,
      "W11": -0.1,
      "W12": 0.24,
      "YD": 1,
      "x0": 0,
      "Y0p1": 0,
      "Ep": 1
    }
  },
  "Epoca 4": {
    "Patron(1)-T+3": {
      "NET": -0.16,
      "W10": 0.16,
      "W11": -0.1,
      "W12": 0.24,
      "YD": 1,
      "x0": 0,
      "Y0p1": 0,
      "Ep": 1
    }
  },
  "Epoca 5": {
    "Patron(1)-T+4": {
      "NET": 0.04,
      "W10": -0.04,
      "W11": -0.1,
      "W12": 0.24,
      "YD": 1,
      "x0": 0,
      "Y0p1": 1,
      "Ep": 0
    },
    "Patron(2)-T+4": {
      "NET": -0.060000000000000005,
      "W10": -0.04,
      "W11": -0.1,
      "W12": 0.24,
      "YD": 1,
      "x1": 1,
      "Y0p2": 0,
      "Ep": 1
    }
  },
  "Epoca 6": {
    "Patron(1)-T+5": {
      "NET": 0.24,
      "W10": -0.24,
      "W11": 0.1,
      "W12": 0.24,
      "YD": 1,
      "x0": 0,
      "Y0p1": 1,
      "Ep": 0
    },
    "Patron(2)-T+5": {
      "NET": 0.33999999999999997,
      "W10": -0.24,
      "W11": 0.1,
      "W12": 0.24,
      "YD": 1,
      "x1": 1,
      "Y0p2": 1,
      "Ep": 0
    },
    "Patron(3)-T+5": {
      "NET": 0.48,
      "W10": -0.24,
      "W11": 0.1,
      "W12": 0.24,
      "YD": 1,
      "x2": -1,
      "Y0p3": 1,
      "Ep": 0
    },
    "Patron(4)-T+5": {
      "NET": 0.58,
      "W10": -0.24,
      "W11": 0.1,
      "W12": 0.24,
      "YD": 0,
      "x3": 0,
      "Y0p4": 1,
      "Ep": -1
    }
  },
  "Epoca 7": {
    "Patron(1)-T+6": {
      "NET": 0.04,
      "W10": -0.04,
      "W11": -0.1,
      "W12": 0.04,
      "YD": 1,
      "x0": 0,
      "Y0p1": 1,
      "Ep": 0
    },
    "Patron(2)-T+6": {
      "NET": -0.060000000000000005,
      "W10": -0.04,
      "W11": -0.1,
      "W12": 0.04,
      "YD": 1,
      "x1": 1,
      "Y0p2": 0,
      "Ep": 1
    }
  },
  "Epoca 8": {
    "Patron(1)-T+7": {
      "NET": 0.24,
      "W10": -0.24,
      "W11": 0.1,
      "W12": 0.04,
      "YD": 1,
      "x0": 0,
      "Y0p1": 1,
      "Ep": 0
    },
    "Patron(2)-T+7": {
      "NET": 0.33999999999999997,
      "W10": -0.24,
      "W11": 0.1,
      "W12": 0.04,
      "YD": 1,
      "x1": 1,
      "Y0p2": 1,
      "Ep": 0
    },
    "Patron(3)-T+7": {
      "NET": 0.27999999999999997,
      "W10": -0.24,
      "W11": 0.1,
      "W12": 0.04,
      "YD": 1,
      "x2": -1,
      "Y0p3": 1,
      "Ep": 0
    },
    "Patron(4)-T+7": {
      "NET": 0.37999999999999995,
      "W10": -0.24,
      "W11": 0.1,
      "W12": 0.04,
      "YD": 0,
      "x3": 0,
      "Y0p4": 1,
      "Ep": -1
    }
  },
  "Epoca 9": {
    "Patron(1)-T+8": {
      "NET": 0.04,
      "W10": -0.04,
      "W11": -0.1,
      "W12": -0.16,
      "YD": 1,
      "x0": 0,
      "Y0p1": 1,
      "Ep": 0
    },
    "Patron(2)-T+8": {
      "NET": -0.060000000000000005,
      "W10": -0.04,
      "W11": -0.1,
      "W12": -0.16,
      "YD": 1,
      "x1": 1,
      "Y0p2": 0,
      "Ep": 1
    }
  },
  "Epoca 10": {
    "Patron(1)-T+9": {
      "NET": 0.24,
      "W10": -0.24,
      "W11": 0.1,
      "W12": -0.16,
      "YD": 1,
      "x0": 0,
      "Y0p1": 1,
      "Ep": 0
    },
    "Patron(2)-T+9": {
      "NET": 0.33999999999999997,
      "W10": -0.24,
      "W11": 0.1,
      "W12": -0.16,
      "YD": 1,
      "x1": 1,
      "Y0p2": 1,
      "Ep": 0
    },
    "Patron(3)-T+9": {
      "NET": 0.07999999999999999,
      "W10": -0.24,
      "W11": 0.1,
      "W12": -0.16,
      "YD": 1,
      "x2": -1,
      "Y0p3": 1,
      "Ep": 0
    },
    "Patron(4)-T+9": {
      "NET": 0.17999999999999997,
      "W10": -0.24,
      "W11": 0.1,
      "W12": -0.16,
      "YD": 0,
      "x3": 0,
      "Y0p4": 1,
      "Ep": -1
    }
  },
  "Epoca 11": {
    "Patron(1)-T+10": {
      "NET": 0.04,
      "W10": -0.04,
      "W11": -0.1,
      "W12": -0.36,
      "YD": 1,
      "x0": 0,
      "Y0p1": 1,
      "Ep": 0
    },
    "Patron(2)-T+10": {
      "NET": -0.060000000000000005,
      "W10": -0.04,
      "W11": -0.1,
      "W12": -0.36,
      "YD": 1,
      "x1": 1,
      "Y0p2": 0,
      "Ep": 1
    }
  },
  "Epoca 12": {
    "Patron(1)-T+11": {
      "NET": 0.24,
      "W10": -0.24,
      "W11": 0.1,
      "W12": -0.36,
      "YD": 1,
      "x0": 0,
      "Y0p1": 1,
      "Ep": 0
    },
    "Patron(2)-T+11": {
      "NET": 0.33999999999999997,
      "W10": -0.24,
      "W11": 0.1,
      "W12": -0.36,
      "YD": 1,
      "x1": 1,
      "Y0p2": 1,
      "Ep": 0
    },
    "Patron(3)-T+11": {
      "NET": -0.12,
      "W10": -0.24,
      "W11": 0.1,
      "W12": -0.36,
      "YD": 1,
      "x2": -1,
      "Y0p3": 0,
      "Ep": 1
    }
  },
  "Epoca 13": {
    "Patron(1)-T+12": {
      "NET": 0.44,
      "W10": -0.44,
      "W11": 0.1,
      "W12": -0.16,
      "YD": 1,
      "x0": 0,
      "Y0p1": 1,
      "Ep": 0
    },
    "Patron(2)-T+12": {
      "NET": 0.54,
      "W10": -0.44,
      "W11": 0.1,
      "W12": -0.16,
      "YD": 1,
      "x1": 1,
      "Y0p2": 1,
      "Ep": 0
    },
    "Patron(3)-T+12": {
      "NET": 0.28,
      "W10": -0.44,
      "W11": 0.1,
      "W12": -0.16,
      "YD": 1,
      "x2": -1,
      "Y0p3": 1,
      "Ep": 0
    },
    "Patron(4)-T+12": {
      "NET": 0.38,
      "W10": -0.44,
      "W11": 0.1,
      "W12": -0.16,
      "YD": 0,
      "x3": 0,
      "Y0p4": 1,
      "Ep": -1
    }
  },
  "Epoca 14": {
    "Patron(1)-T+13": {
      "NET": 0.24,
      "W10": -0.24,
      "W11": -0.1,
      "W12": -0.36,
      "YD": 1,
      "x0": 0,
      "Y0p1": 1,
      "Ep": 0
    },
    "Patron(2)-T+13": {
      "NET": 0.13999999999999999,
      "W10": -0.24,
      "W11": -0.1,
      "W12": -0.36,
      "YD": 1,
      "x1": 1,
      "Y0p2": 1,
      "Ep": 0
    },
    "Patron(3)-T+13": {
      "NET": -0.12,
      "W10": -0.24,
      "W11": -0.1,
      "W12": -0.36,
      "YD": 1,
      "x2": -1,
      "Y0p3": 0,
      "Ep": 1
    }
  },
  "Epoca 15": {
    "Patron(1)-T+14": {
      "NET": 0.44,
      "W10": -0.44,
      "W11": -0.1,
      "W12": -0.16,
      "YD": 1,
      "x0": 0,
      "Y0p1": 1,
      "Ep": 0
    },
    "Patron(2)-T+14": {
      "NET": 0.33999999999999997,
      "W10": -0.44,
      "W11": -0.1,
      "W12": -0.16,
      "YD": 1,
      "x1": 1,
      "Y0p2": 1,
      "Ep": 0
    },
    "Patron(3)-T+14": {
      "NET": 0.28,
      "W10": -0.44,
      "W11": -0.1,
      "W12": -0.16,
      "YD": 1,
      "x2": -1,
      "Y0p3": 1,
      "Ep": 0
    },
    "Patron(4)-T+14": {
      "NET": 0.17999999999999997,
      "W10": -0.44,
      "W11": -0.1,
      "W12": -0.16,
      "YD": 0,
      "x3": 0,
      "Y0p4": 1,
      "Ep": -1
    }
  },
  "Epoca 16": {
    "Patron(1)-T+15": {
      "NET": 0.24,
      "W10": -0.24,
      "W11": -0.3,
      "W12": -0.36,
      "YD": 1,
      "x0": 0,
      "Y0p1": 1,
      "Ep": 0
    },
    "Patron(2)-T+15": {
      "NET": -0.06,
      "W10": -0.24,
      "W11": -0.3,
      "W12": -0.36,
      "YD": 1,
      "x1": 1,
      "Y0p2": 0,
      "Ep": 1
    }
  },
  "Epoca 17": {
    "Patron(1)-T+16": {
      "NET": 0.44,
      "W10": -0.44,
      "W11": -0.1,
      "W12": -0.36,
      "YD": 1,
      "x0": 0,
      "Y0p1": 1,
      "Ep": 0
    },
    "Patron(2)-T+16": {
      "NET": 0.33999999999999997,
      "W10": -0.44,
      "W11": -0.1,
      "W12": -0.36,
      "YD": 1,
      "x1": 1,
      "Y0p2": 1,
      "Ep": 0
    },
    "Patron(3)-T+16": {
      "NET": 0.08000000000000002,
      "W10": -0.44,
      "W11": -0.1,
      "W12": -0.36,
      "YD": 1,
      "x2": -1,
      "Y0p3": 1,
      "Ep": 0
    },
    "Patron(4)-T+16": {
      "NET": -0.020000000000000018,
      "W10": -0.44,
      "W11": -0.1,
      "W12": -0.36,
      "YD": 0,