{
  "Epoca 1": {
    "Patron(1)-T+0": {
      "NET": -0.16,
      "W10": 0.16,
      "W11": -0.56,
      "W12": -0.77,
      "YD": 0,
      "x0": 0,
      "Y0p1": 0,
      "Ep": 0
    },
    "Patron(2)-T+0": {
      "NET": -0.7200000000000001,
      "W10": 0.16,
      "W11": -0.56,
      "W12": -0.77,
      "YD": 0,
      "x1": 1,
      "Y0p2": 0,
      "Ep": 0
    },
    "Patron(3)-T+0": {
      "NET": -0.93,
      "W10": 0.16,
      "W11": -0.56,
      "W12": -0.77,
      "YD": 0,
      "x2": -1,
      "Y0p3": 0,
      "Ep": 0
    },
    "Patron(4)-T+0": {
      "NET": -1.4900000000000002,
      "W10": 0.16,
      "W11": -0.56,
      "W12": -0.77,
      "YD": 1,
      "x3": 1,
      "Y0p4": 0,
      "Ep": 1
    }
  },
  "Epoca 2": {
    "Patron(1)-T+1": {
      "NET": 0.04,
      "W10": -0.04,
      "W11": -0.36,
      "W12": -0.57,
      "YD": 0,
      "x0": 0,
      "Y0p1": 1,
      "Ep": -1
    }
  },
  "Epoca 3": {
    "Patron(1)-T+2": {
      "NET": -0.16,
      "W10": 0.16,
      "W11": -0.36,
      "W12": -0.57,
      "YD": 0,
      "x0": 0,
      "Y0p1": 0,
      "Ep": 0
    },
    "Patron(2)-T+2": {
      "NET": -0.52,
      "W10": 0.16,
      "W11": -0.36,
      "W12": -0.57,
      "YD": 0,
      "x1": 1,
      "Y0p2": 0,
      "Ep": 0
    },
    "Patron(3)-T+2": {
      "NET": -0.73,
      "W10": 0.16,
      "W11": -0.36,
      "W12": -0.57,
      "YD": 0,
      "x2": -1,
      "Y0p3": 0,
      "Ep": 0
    },
    "Patron(4)-T+2": {
      "NET": -1.0899999999999999,
      "W10": 0.16,
      "W11": -0.36,
      "W12": -0.57,
      "YD": 1,
      "x3": 1,
      "Y0p4": 0,
      "Ep": 1
    }
  },
  "Epoca 4": {
    "Patron(1)-T+3": {
      "NET": 0.04,
      "W10": -0.04,
      "W11": -0.16,
      "W12": -0.37,
      "YD": 0,
      "x0": 0,
      "Y0p1": 1,
      "Ep": -1
    }
  },
  "Epoca 5": {
    "Patron(1)-T+4": {
      "NET": -0.16,
      "W10": 0.16,
      "W11": -0.16,
      "W12": -0.37,
      "YD": 0,
      "x0": 0,
      "Y0p1": 0,
      "Ep": 0
    },
    "Patron(2)-T+4": {
      "NET": -0.32,
      "W10": 0.16,
      "W11": -0.16,
      "W12": -0.37,
      "YD": 0,
      "x1": 1,
      "Y0p2": 0,
      "Ep": 0
    },
    "Patron(3)-T+4": {
      "NET": -0.53,
      "W10": 0.16,
      "W11": -0.16,
      "W12": -0.37,
      "YD": 0,
      "x2": -1,
      "Y0p3": 0,
      "Ep": 0
    },
    "Patron(4)-T+4": {
      "NET": -0.69,
      "W10": 0.16,
      "W11": -0.16,
      "W12": -0.37,
      "YD": 1,
      "x3": 1,
      "Y0p4": 0,
      "Ep": 1
    }
  },
  "Epoca 6": {
    "Patron(1)-T+5": {
      "NET": 0.04,
      "W10": -0.04,
      "W11": 0.04,
      "W12": -0.17,
      "YD": 0,
      "x0": 0,
      "Y0p1": 1,
      "Ep": -1
    }
  },
  "Epoca 7": {
    "Patron(1)-T+6": {
      "NET": -0.16,
      "W10": 0.16,
      "W11": 0.04,
      "W12": -0.17,
      "YD": 0,
      "x0": 0,
      "Y0p1": 0,
      "Ep": 0
    },
    "Patron(2)-T+6": {
      "NET": -0.12,
      "W10": 0.16,
      "W11": 0.04,
      "W12": -0.17,
      "YD": 0,
      "x1": 1,
      "Y0p2": 0,
      "Ep": 0
    },
    "Patron(3)-T+6": {
      "NET": -0.33,
      "W10": 0.16,
      "W11": 0.04,
      "W12": -0.17,
      "YD": 0,
      "x2": -1,
      "Y0p3": 0,
      "Ep": 0
    },
    "Patron(4)-T+6": {
      "NET": -0.29000000000000004,
      "W10": 0.16,
      "W11": 0.04,
      "W12": -0.17,
      "YD": 1,
      "x3": 1,
      "Y0p4": 0,
      "Ep": 1
    }
  },
  "Epoca 8": {
    "Patron(1)-T+7": {
      "NET": 0.04,
      "W10": -0.04,
      "W11": 0.24,
      "W12": 0.03,
      "YD": 0,
      "x0": 0,
      "Y0p1": 1,
      "Ep": -1
    }
  },
  "Epoca 9": {
    "Patron(1)-T+8": {
      "NET": -0.16,
      "W10": 0.16,
      "W11": 0.24,
      "W12": 0.03,
      "YD": 0,
      "x0": 0,
      "Y0p1": 0,
      "Ep": 0
    },
    "Patron(2)-T+8": {
      "NET": 0.07999999999999999,
      "W10": 0.16,
      "W11": 0.24,
      "W12": 0.03,
      "YD": 0,
      "x1": 1,
      "Y0p2": 1,
      "Ep": -1
    }
  },
  "Epoca 10": {
    "Patron(1)-T+9": {
      "NET": -0.36,
      "W10": 0.36,
      "W11": 0.04,
      "W12": 0.03,
      "YD": 0,
      "x0": 0,
      "Y0p1": 0,
      "Ep": 0
    },
    "Patron(2)-T+9": {
      "NET": -0.32,
      "W10": 0.36,
      "W11": 0.04,
      "W12": 0.03,
      "YD": 0,
      "x1": 1,
      "Y0p2": 0,
      "Ep": 0
    },
    "Patron(3)-T+9": {
      "NET": -0.32999999999999996,
      "W10": 0.36,
      "W11": 0.04,
      "W12": 0.03,
      "YD": 0,
      "x2": -1,
      "Y0p3": 0,
      "Ep": 0
    },
    "Patron(4)-T+9": {
      "NET": -0.29000000000000004,
      "W10": 0.36,
      "W11": 0.04,
      "W12": 0.03,
      "YD": 1,
      "x3": 1,
      "Y0p4": 0,
      "Ep": 1
    }
  },
  "Epoca 11": {
    "Patron(1)-T+10": {
      "NET": -0.16,
      "W10": 0.16,
      "W11": 0.24,
      "W12": 0.23,
      "YD": 0,
      "x0": 0,
      "Y0p1": 0,
      "Ep": 0
    },
    "Patron(2)-T+10": {
      "NET": 0.07999999999999999,
      "W10": 0.16,
      "W11": 0.24,
      "W12": 0.23,
      "YD": 0,
      "x1": 1,
      "Y0p2": 1,
      "Ep": -1
    }
  },
  "Epoca 12": {
    "Patron(1)-T+11": {
      "NET": -0.36,
      "W10": 0.36,
      "W11": 0.04,
      "W12": 0.23,
      "YD": 0,
      "x0": 0,
      "Y0p1": 0,
      "Ep": 0
    },
    "Patron(2)-T+11": {
      "NET": -0.32,
      "W10": 0.36,
      "W11": 0.04,
      "W12": 0.23,
      "YD": 0,
      "x1": 1,
      "Y0p2": 0,
      "Ep": 0
    },
    "Patron(3)-T+11": {
      "NET": -0.12999999999999998,
      "W10": 0.36,
      "W11": 0.04,
      "W12": 0.23,
      "YD": 0,
      "x2": -1,
      "Y0p3": 0,
      "Ep": 0
    },
    "Patron(4)-T+11": {
      "NET": -0.09,
      "W10": 0.36,
      "W11": 0.04,
      "W12": 0.23,
      "YD": 1,
      "x3": 1,
      "Y0p4": 0,
      "Ep": 1
    }
  },
  "Epoca 13": {
    "Patron(1)-T+12": {
      "NET": -0.16,
      "W10": 0.16,
      "W11": 0.24,
      "W12": 0.43,
      "YD": 0,
      "x0": 0,
      "Y0p1": 0,
      "Ep": 0
    },
    "Patron(2)-T+12": {
      "NET": 0.07999999999999999,
      "W10": 0.16,
      "W11": 0.24,
      "W12": 0.43,
      "YD": 0,
      "x1": 1,
      "Y0p2": 1,
      "Ep": -1
    }
  },
  "Epoca 14": {
    "Patron(1)-T+13": {
      "NET": -0.36,
      "W10": 0.36,
      "W11": 0.04,
      "W12": 0.43,
      "YD": 0,
      "x0": 0,
      "Y0p1": 0,
      "Ep": 0
    },
    "Patron(2)-T+13": {
      "NET": -0.32,
      "W10": 0.36,
      "W11": 0.04,
      "W12": 0.43,
      "YD": 0,
      "x1": 1,
      "Y0p2": 0,
      "Ep": 0
    },
    "Patron(3)-T+13": {
      "NET": 0.07,
      "W10": 0.36,
      "W11": 0.04,
      "W12": 0.43,
      "YD": 0,
      "x2": -1,
      "Y0p3": 1,
      "Ep": -1
    }
  },
  "Epoca 15": {
    "Patron(1)-T+14": {
      "NET": -0.56,
      "W10": 0.56,
      "W11": 0.04,
      "W12": 0.23,
      "YD": 0,
      "x0": 0,
      "Y0p1": 0,
      "Ep": 0
    },
    "Patron(2)-T+14": {
      "NET": -0.52,
      "W10": 0.56,
      "W11": 0.04,
      "W12": 0.23,
      "YD": 0,
      "x1": 1,
      "Y0p2": 0,
      "Ep": 0
    },
    "Patron(3)-T+14": {
      "NET": -0.33000000000000007,
      "W10": 0.56,
      "W11": 0.04,
      "W12": 0.23,
      "YD": 0,
      "x2": -1,
      "Y0p3": 0,
      "Ep": 0
    },
    "Patron(4)-T+14": {
      "NET": -0.29000000000000004,
      "W10": 0.56,
      "W11": 0.04,
      "W12": 0.23,
      "YD": 1,
      "x3": 1,
      "Y0p4": 0,
      "Ep": 1
    }
  },
  "Epoca 16": {
    "Patron(1)-T+15": {
      "NET": -0.36,
      "W10": 0.36,
      "W11": 0.24,
      "W12": 0.43,
      "YD": 0,
      "x0": 0,
      "Y0p1": 0,
      "Ep": 0
    },
    "Patron(2)-T+15": {
      "NET": -0.12,
      "W10": 0.36,
      "W11": 0.24,
      "W12": 0.43,
      "YD": 0,
      "x1": 1,
      "Y0p2": 0,
      "Ep": 0
    },
    "Patron(3)-T+15": {
      "NET": 0.07,
      "W10": 0.36,
      "W11": 0.24,
      "W12": 0.43,
      "YD": 0,
      "x2": -1,
      "Y0p3": 1,
      "Ep": -1
    }
  },